id	area	sources	requirement	status	owner	tests	note
C-01	crypto	DOC-CRYPTO-01, TD-CRYPTO-1 (outbound)	msg_key_large = SHA256(ak[88+x..120+x] ‖ plaintext ‖ padding), msg_key = [8..24], x = 0 outbound	OK	engine	client_to_server_roundtrip,msg_key_v2_uses_auth_key_slice_88	
C-02	crypto	DOC-CRYPTO-02, TD-CRYPTO-8	KDF2 slices and layout; x = 0 out, x = 8 in; never the wrong direction	OK	engine	v2_layout_matches_spec_definition,v2_sides_differ,wrong_side_or_key_is_rejected	
C-03	crypto	DOC-CRYPTO-03	AES-256-IGE over everything after the 24-byte header	OK	engine	rejects_unaligned_input,streaming_matches_one_shot	
C-04	crypto	DOC-CRYPTO-04	12..1024 random padding bytes; plaintext + padding ≡ 0 mod 16; padding inside msg_key	OK	engine	padding_policy_bounds,roundtrip_any_body	
C-05	crypto	TD-CRYPTO-15	tdlib rounds the encrypted size to buckets (64…1280, then 448-byte steps); +0..255 random behind dd/ee	FIXED	engine	bucketed_padding_hides_sizes_like_tdlib,padding_policy_bounds	Direct connections pad to tdlib size buckets; proxied connections keep random padding.
C-06	crypto	DOC-CRYPTO-05, TD-CRYPTO-1 (inbound)	Recompute msg_key with x = 8 over the whole decrypted plaintext incl. padding; must match	OK	engine	foreign_session_and_tampering_are_rejected,tampering_is_detected_everywhere,wrong_side_or_key_is_rejected	
C-07	crypto	DOC-CRYPTO-06, TD-CRYPTO-3	No oracle: msg_key verified before any decrypted length is trusted; same response for every pre-check error	OK	engine	padding_bounds_are_enforced_after_authentication,rejects_forged_length_with_valid_msg_key	
C-08	crypto	DOC-CRYPTO-07, TD-CRYPTO-12, TD-CRYPTO-16	MTProto 2.0 only; 1.0 only for the bind inner message	OK	engine	v1_roundtrip_and_tamper	
C-09	crypto	DOC-CRYPTO-08	salt, session_id, msg_id, seq_no and length are all checked on decryption	PARTIAL	engine	incoming_salt_is_not_validated,only_odd_seqno_messages_are_acked	
C-10	crypto	DOC-CRYPTO-09, TD-CRYPTO-10, TD-CRYPTO-11	Encrypted part a non-zero multiple of 16, ≥ 24 + 48 bytes; reject before decrypting	DEVIATION	engine	decrypt_never_panics,rejects_bad_shapes,trailing_transport_junk_is_ignored_like_tdlib	
C-11	crypto	DOC-CRYPTO-10, TD-CRYPTO-2	Constant-time msg_key compare	OK	engine	msg_key_checks_use_a_constant_time_comparison	constant_time_eq ORs the XOR of every byte with no early exit and is the only msg_key and handshake-hash comparison; pinned on the source because timing is too noisy to test. A flipped bit anywhere in msg_key gives the same error.
C-12	crypto	DOC-CRYPTO-11, DOC-CRYPTO-12	Local at-rest key use/protection	REVIEW	engine		Host: the engine never stores keys; it takes them from SessionSetup.auth_key and hands created keys back as wiped secret buffers (H-03). At rest they are MtProtoKit's datacenterAuthInfoById, kept by TelegramCore's Keychain over the account Postbox (Account.swift makeExclusiveKeychain, Network.swift:1412), which the app opens with ValueBoxEncryptionParameters (Telegram-Mac AppDelegate.swift:484).
C-13	crypto	DOC-CRYPTO-13	SHA-1 only where it does not matter (handshake, auth_key_id, fingerprints)	OK	engine	sha1_known_vectors,sha256_known_vectors	
C-14	crypto	TD-CRYPTO-4, TD-CRYPTO-5, TD-CRYPTO-6	length % 4, length ≤ tail − 16, padding 12..1024	OK	engine	every_length_and_padding_combination_follows_the_tdlib_bounds,padding_bounds_are_enforced_after_authentication,rejects_forged_length_with_valid_msg_key	Every declared length from -8 to the payload + 8 (and the i32 extremes) is accepted only when it is >= 0, a multiple of 4 and leaves 12..1024 bytes of padding, with a valid msg_key each time.
C-15	crypto	TD-CRYPTO-7	v1 length check branch-free	REVIEW	engine	v1_roundtrip_and_tamper	
C-16	crypto	TD-CRYPTO-9	auth_key is exactly 256 bytes	OK	engine	c_abi_end_to_end	
C-17	crypto	TD-CRYPTO-13	CSPRNG failure is fatal	OK	engine	os_random_pool_never_repeats_or_keeps_handed_out_bytes	
C-18	crypto	TD-CRYPTO-14	Handshake tmp_aes key/IV derivation	OK	engine	handshake_tmp_aes_matches_the_documented_derivation_and_sample	Known answer from core.telegram.org/mtproto/samples-auth_key, plus the SHA-1 formula re-derived in the test.
M-01	messages	DOC-MSG-01, TD-MSG-1, TD-MSG-2, TD-MSG-3	Incoming auth_key_id must be ours; plaintext rejected after the handshake; no key → no processing	OK	engine	rejects_bad_shapes,wrong_side_or_key_is_rejected	
M-02	messages	DOC-MSG-02, DOC-MSG-03, TD-CRYPTO-4, TD-CRYPTO-5, TD-CRYPTO-6	length ≥ 0, % 4, ≤ plaintext − 32; padding = rest ∈ [12,1024]; never read past the buffer	OK	engine	decrypt_never_panics,padding_bounds_are_enforced_after_authentication,rejects_forged_length_with_valid_msg_key	
M-03	messages	DOC-MSG-04, TD-MSG-5	session_id equals our active session	OK	engine	foreign_session_and_tampering_are_rejected	
M-04	messages	DOC-MSG-05, TD-MSG-6	Server msg_id odd	OK	engine	container_children_with_even_msg_ids_are_skipped,even_server_msg_id_is_ignored	
M-05	messages	DOC-MSG-06, DOC-MSG-19, TD-MSG-7	Keep the last N ids; ignore an id equal to any or lower than all stored; never repeat actions	DEVIATION	engine	an_answer_redelivered_with_an_evicted_msg_id_still_completes_its_query,duplicate_container_reacks_every_content_child,replayed_old_salt_and_bad_msg_notifications_are_ignored,replays_below_the_window_never_move_the_clock,too_old_messages_are_acked_and_replayed_safely	Deliberate: ids evicted from the window are acked and replayed idempotently. Replays never move the clock.
M-06	messages	TD-MSG-14	Second duplicate filter on the inner msg_id of updates	OK	engine	updates_are_delivered_once_and_unknown_constructors_do_not_break_containers	
M-07	messages	DOC-MSG-07, TD-MSG-8	Once synchronized, ignore msg_ids > +30 s or < −300 s	FIXED	engine	future_msg_id_glitch_is_recovered_through_a_freshness_proof,messages_outside_time_window_are_ignored_after_sync,replays_below_the_window_never_move_the_clock,wall_clock_jumps_do_not_move_server_time	Replayed packets are checked against the window without touching the clock.
M-08	messages	TD-MSG-9, DOC-MSG-17	Learn the offset from each accepted packet, only increasing; sync before checking ids; new session if monotonicity would break	OK	engine	bad_msg_16_resyncs_time_and_resends,bad_msg_17_resets_session,clock_skew_in_either_direction_is_corrected,wall_clock_jumps_do_not_move_server_time	
M-09	messages	DOC-MSG-08, TD-MSG-10	Service messages about our own messages may bypass the time check (bad_msg_id verified); forced reset when a reply is > 15 s older than its request	FIXED	engine	a_withheld_answer_cannot_drag_the_clock_back,a_withheld_pong_cannot_drag_the_clock_back,future_msg_id_glitch_is_recovered_through_a_freshness_proof,notifications_about_messages_we_never_sent_are_ignored,responses_older_than_their_request_reset_the_clock	A freshness proof must answer a message sent within the last 300 s of local monotonic time.
M-10	messages	DOC-MSG-09, TD-MSG-17	Client msg_id ≈ server_time·2^32, % 4 = 0, strictly increasing, low word non-zero and fractional	OK	engine	outgoing_msg_ids_stay_monotonic_when_the_clock_moves_back	
M-11	messages	DOC-MSG-10, TD-MSG-19	Container id > all children, never reused; content seqno odd/+2, service and containers even	OK	engine	queries_are_packed_into_one_container_in_order,reconnect_without_ack_retransmits_with_original_msg_ids	
M-12	messages	DOC-MSG-11, TD-MSG-18	A time-rejected message is re-sent with a new id or inside a higher container, never bare with the same id	OK	engine	bad_msg_16_resyncs_time_and_resends,every_bad_msg_notification_code_recovers_the_message,reconnect_after_retransmit_window_asks_state_and_resends_only_unreceived,retransmission_rejected_by_bad_msg_falls_back_to_state_request	
M-13	messages	DOC-MSG-12, DOC-MSG-13	seqno = 2c+1 for content, 2c otherwise; RPC queries odd; ack/container/copy/gzip even	OK	engine	queries_are_packed_into_one_container_in_order,server_pings_are_answered_with_pongs	
M-14	messages	DOC-MSG-14, TD-MSG-15	Ack every odd-seqno message; dedupe re-sends; incoming seqno parity only	OK	engine	large_answers_are_acknowledged_within_a_second_small_ones_are_batched,malformed_and_unknown_children_do_not_break_the_container,many_acks_flush_immediately,only_odd_seqno_messages_are_acked	
M-15	messages	DOC-MSG-15, TD-MSG-22	Random 64-bit session_id, fresh per session	OK	engine	reset_requeues_everything_in_original_order	
M-16	messages	DOC-MSG-16, TD-MSG-16, TD-MSG-20, TD-MSG-21	Salt rotation and validity; future salts ≤ 1/60 s; incoming salt unchecked	OK	engine	future_salts_must_answer_our_request,incoming_salt_is_not_validated,missing_salt_requests_future_salts_first	
M-17	messages	DOC-MSG-18	Discard any message failing a check; recommended: close and reconnect	PARTIAL	engine	a_message_failing_any_check_is_dropped_whole,misaddressed_packets_never_reach_the_host,a_corrupted_packet_is_reported_as_a_session_error_not_a_close,truncated_or_extended_genuine_packets_never_complete_a_query,a_packet_under_another_key_or_session_changes_nothing	A packet failing any check leaves no event, ack, salt, clock or duplicate-window trace. Decryption and structure failures close and reconnect; a foreign session, an even msg_id or a msg_id outside the window is dropped with the connection kept, so replays of the server's own packets cannot cut it.
M-18	messages	DOC-MSG-20	Plaintext layout salt‖session‖msg_id‖seq‖len‖data‖padding; header key_id‖msg_key	OK	engine	encrypted_messages_follow_the_documented_layout_both_ways	Outbound packets are decrypted by hand and every field checked at its offset; inbound packets built by hand from the layout parse to exactly those fields.
M-19	messages	TD-MSG-4	No send/receive under an expired temp key	FIXED	engine	keys_rotate_before_they_expire_and_no_call_runs_twice,a_query_still_unanswered_when_the_key_must_go_fails_instead_of_running_twice	With engine PFS the key is replaced a quarter of its lifetime before expiry (at a quiet moment, by the hard margin at the latest); host keys stay the host's job.
M-20	messages	TD-MSG-11, TD-MSG-12, TD-MSG-13	Message fills the envelope; inner lengths % 4 and bounded; body ≥ 4 bytes	OK	engine	broken_container_structure_is_reported,container_parse_and_limits,container_parser_never_panics_on_any_layout,empty_containers_and_empty_bodies_are_harmless	
M-21	messages	TD-MSG-23	HTTP: nothing sent before a salt exists	DEVIATION	engine	a_forced_long_poll_is_a_lone_http_wait,requests_carry_the_wait_and_no_ping_or_quick_ack	Queries wait for a salt; an http_wait-only long poll may go without one and the server answers bad_server_salt at once, which is how the salt is learnt.
T-01	transport	DOC-TRANSPORT-01, DOC-TRANSPORT-02	Abridged framing; inbound MSB-set first byte = 4-byte byte-swapped quick-ack token	OK	engine	abridged_nop_and_long_quick_ack,abridged_quick_ack_is_big_endian,abridged_short_and_long_headers,decode_any_split,decoder_never_panics,rejects_bad_lengths	
T-02	transport	DOC-TRANSPORT-03, TD-TRANSPORT-2	Intermediate: 4-byte LE length; ≥ 0x80000000 is a quick-ack token	OK	engine	intermediate_header,intermediate_quick_ack_and_error	
T-03	transport	DOC-TRANSPORT-04, TD-TRANSPORT-10	Padded intermediate: 0–15 random pad bytes; short quick-ack/error forms; strip pad before MTProto	OK	engine	padded_error_and_ffff_quick_ack,padded_trim_uses_inner_structure	
T-04	transport	DOC-TRANSPORT-05	Full transport CRC/seq	REVIEW	engine		Not applicable: the engine speaks only abridged, intermediate and padded intermediate, always obfuscated (Framing has no Full variant, the obfuscation header knows only the ef/ee/dd tags), so it never sends or accepts Full's CRC/seq; integrity rests on msg_key.
T-05	transport	DOC-TRANSPORT-06, TD-TRANSPORT-3	Recognise 4-byte transport errors before MTProto parsing	OK	engine	long_frames_are_packets_even_with_suspicious_prefixes,short_frames_follow_tdlib_classification	
T-06	transport	DOC-TRANSPORT-07, TD-TRANSPORT-4	−404 by context; never destroy a logged-in key on one unauthenticated −404	FIXED	engine	a_forged_404_keeps_the_session_and_executes_once,handshake_transport_error_restarts_key_generation_without_key_invalid,unknown_key_reports_invalid_and_recovers_with_new_key,forged_404_frames_never_report_a_working_permanent_key,a_permanent_key_the_server_lost_is_reported_after_the_check,http_404_for_encrypted_posts_never_reports_a_key_the_session_can_check	A -404 ends the connection but keeps the key; the key is reported invalid only when a fresh connection is rejected again before any valid packet. tdlib drops the key on the first -404. 2026-10-06: a session under its permanent key that holds the RSA keys checks the key with a temporary key bound to it after -404s (as current tdlib does) and reports it only on ENCRYPTED_MESSAGE_INVALID binds.
T-07	transport	DOC-TRANSPORT-08, TD-TRANSPORT-13	−429 back-off; reconnect flood control	OK	engine	a_server_that_closes_every_connection_is_retried_at_a_bounded_rate,other_transport_errors_reconnect_quickly,persistent_transport_rejections_back_off,transport_flood_backs_off_and_retransmits_without_reexecution	
T-08	transport	DOC-TRANSPORT-09, TD-TRANSPORT-8	Init payload: reject 0xef first byte, forbidden first words, zero second word	OK	engine	rejects_forbidden_prefixes	
T-09	transport	DOC-TRANSPORT-10, DOC-TRANSPORT-13, TD-TRANSPORT-17	Tag at offset 56, dc_id at 60, encrypt the init and substitute bytes 56..64, never send the standalone tag	OK	engine	header_layout_and_symmetry,mtproxy_fake_tls_secret,mtproxy_simple_secret,plain_obfuscated_abridged,plaintext_prefix_is_sent_verbatim	
T-10	transport	DOC-TRANSPORT-11, TD-TRANSPORT-9	Keys/IVs from init and reversed init; SHA256(key ‖ secret) with a proxy secret; AES-256-CTR	OK	engine	mtproxy_simple_padded_and_fake_tls,wrong_secret_fails_to_parse_tag	
T-11	transport	DOC-TRANSPORT-12	One continuous CTR stream per direction	OK	engine	chunked_equals_one_shot,counter_wraps_around_128_bits,nist_sp800_38a_ctr_aes256	
T-12	transport	DOC-TRANSPORT-14	WebSocket transport	REVIEW	engine	websocket_streams_are_obfuscated_binary_and_end_on_any_close,upgrade_request_and_response,client_frames_are_masked_binary_and_split,server_frames_become_a_stream_whatever_the_chunking,close_text_masked_and_huge_frames_end_the_stream,auto_moves_the_stream_to_the_websocket_endpoint_when_tcp_and_plain_http_get_no_answer	Telegram Web /apiws through the host's TLS stream: always the obfuscated transport, the upgrade requires Sec-WebSocket-Protocol: binary, client frames are masked binary, frame boundaries are ignored and any close frame ends the stream whatever its code.
T-13	transport	DOC-TRANSPORT-15	Honour dcOption flags	FIXED	engine	a_datacenter_secret_keys_the_obfuscation_and_no_other_secret_connects,an_address_with_a_secret_is_never_tried_over_plain_http,a_datacenter_secret_is_kept_behind_a_socks5_proxy,mtproxy_simple_padded_and_fake_tls	Fixed 2026-10-07 (security-row pass). Before: An address's dcOption secret (tcpo_only) keys the obfuscation of every connection and such an address is never used over plain HTTP. Gap (ignored test): behind a SOCKS5 or HTTP proxy the secret is dropped. The other flags are the host's: ManagedConfigurationUpdates.swift:24-31 maps ipv6/media_only/tcpo_only/cdn but not this_port_only, and http_port 80 is passed to every session (RustNetworkEngine.swift:14).
T-14	transport	DOC-TRANSPORT-16, TD-TRANSPORT-5	"Token = msg_key_large[0:4] \/ 1<<31; a quick ack means ""received"", never success; unknown tokens ignored"	OK	engine	quick_ack_marks_query_acknowledged	
T-15	transport	DOC-TRANSPORT-17, TD-TRANSPORT-16	HTTP(S) transport	FIXED	engine	requests_complete_over_http,a_single_call_takes_one_round_trip,slow_answers_arrive_on_a_parked_long_poll,megabyte_answers_are_not_downloaded_twice,mixed_chaos_completes_everything_exactly_once,telegram_style_responses_in_any_chunking,hostile_responses_are_bounded	Plain HTTP/1.1 (TransportPreference::Http and Auto, docs/protocol-coverage.md §17); HTTPS to web.telegram.org is not implemented.
T-16	transport	TD-TRANSPORT-1	Inbound frame cap enforced before any MAC; tdlib only while the frame is incomplete	BETTER	engine	inbound_frames_above_four_mib_are_rejected_from_the_header,rejects_bad_lengths,trickling_or_noisy_connections_are_abandoned_and_requests_complete	Cap is 4 MiB + 1 KiB like tdlib, enforced from the frame header before buffering.
T-17	transport	TD-TRANSPORT-6	Errors are sticky; nothing processed after the first error	FIXED	engine	a_broken_stream_stays_broken_and_hides_the_frames_behind_it,nothing_after_a_failed_packet_is_processed_on_the_same_connection,nothing_after_a_transport_error_is_processed_on_the_same_connection,two_forged_404_frames_on_one_connection_are_one_rejection	Fixed 2026-10-07 (security-row pass). Before: Codec, TLS-record and WebSocket errors are sticky. Gap (ignored tests): the runtime still processes frames buffered behind a packet that failed its check or behind a transport error frame (handle_io runs process_incoming again), so two -404 frames on one connection count as two rejections.
T-18	transport	TD-TRANSPORT-7	Re-align packets to 4 bytes	OK	engine	frames_decode_to_the_same_packet_at_every_byte_offset,decode_any_split	Each frame is copied into its own buffer and read byte by byte, so a packet decodes the same at any stream offset (0 to 15, all three framings); an intermediate frame with 1 to 3 stray bytes is cut to a multiple of 4.
T-19	transport	TD-TRANSPORT-11	Outbound frame % 4, < 2^24	OK	engine	oversized_or_unaligned_requests_fail_locally_instead_of_reaching_the_wire	
T-20	transport	TD-TRANSPORT-12	Liveness: ping_delay_disconnect and read timeouts; decrypted packets count as liveness	OK	engine	ping_and_read_timeouts,silent_connection_is_cut_by_the_probe_long_before_the_read_timeout	
T-21	transport	TD-TRANSPORT-14	Check-mode ping before a socket is used	BETTER	engine	a_racer_fed_endless_garbage_is_dropped_without_starving_the_worker	
T-22	transport	TD-TRANSPORT-15	Drop connections from an older network generation	REVIEW	engine	network_unavailable_blocks_connections	
L-01	tl	DOC-TL-01, TD-TL-2	bytes: L ≤ 253 one byte, 254 + 3-byte LE, 255 rejected; bounded by the buffer	OK	engine	accepts_non_canonical_long_form_like_tdlib,long_bytes_layout,reader_never_panics_on_garbage,rejects_truncated_bytes,short_bytes_layout	
L-02	tl	DOC-TL-02, TD-TL-3	Vector count in 0..2^31−1, bounded by the remaining bytes before allocating	OK	engine	vector_count_limits	
L-03	tl	DOC-TL-03	Boxed vs bare exactly per schema	OK	engine	future_salts_accepts_bare_and_boxed_items,msg_copy_accepts_boxed_and_bare_messages	
L-04	tl	DOC-TL-04, TD-TL-4	Dispatch on the constructor id; unknown ids are errors; Bool exact	OK	engine	bool_roundtrip_and_rejection,mtproto_constructors_are_never_updates,unknown_constructor_is_passed_through	
L-05	tl	DOC-TL-05, DOC-TL-06	Conditional fields and False; older-layer constructors	REVIEW	engine	init_connection_conditional_fields_are_present_only_with_their_flag,init_connection_layout	The engine writes one flags object, initConnection (bit 0 proxy, bit 1 params): fields present only with their bit, no bytes otherwise; it reads no conditional fields. Older-layer API constructors are the host's (TelegramApi; RustNetworkSession.swift:665-699 handleParseFailure).
L-06	tl	DOC-TL-07	Little-endian int/long/int128/double; 4-byte words	OK	engine	scalars_roundtrip	
L-07	tl	DOC-TL-08	An undeserializable update must lead to gap recovery, never a silent loss	PARTIAL	engine	unpacking_is_bounded_per_packet_and_by_depth	
L-08	tl	TD-TL-1	Every fetch bounds-checked; no out-of-bounds reads	OK	engine	reader_never_panics_on_garbage,service_parser_never_panics	
L-09	tl	TD-TL-5	fetch_end: service objects must end exactly	FIXED	engine	every_service_object_parses_when_it_ends_exactly,service_objects_with_trailing_bytes_are_refused_like_tdlib_fetch_end	Fixed 2026-10-07 (security-row pass). Before: Gap (ignored test): ServiceMessage::parse ignores bytes after a service object's last field, where tdlib's fetch_end refuses and closes; 23 constructors are taken with 4 trailing bytes. rpc_result and containers are exempt in both.
L-10	tl	TD-TL-6	Sanitise API strings (NUL, invalid UTF-8)	REVIEW	engine	error_texts_reach_the_host_as_the_server_sent_them_or_as_one_marker,invalid_utf8_error_messages_are_replaced	The engine parses only rpc_error text, plain or gzipped: invalid UTF-8 becomes INVALID_UTF8_ERROR_MESSAGE as in tdlib, valid text (NUL included) is delivered whole. API strings are the host's: TelegramApi Buffer.swift:193 parseString empties invalid UTF-8 and keeps NUL.
L-11	tl		gzip bomb limits	BETTER	engine	declared_sizes_bound_allocation,gunzip_budget_is_shared,gunzip_enforces_limit,gzip_bombs_are_refused_without_unpacking_them	
L-12	tl		Container count and nesting limits; recursion	BETTER	engine	container_parse_and_limits,nested_containers_and_gzip_are_unwrapped,unpacking_is_bounded_per_packet_and_by_depth	
L-13	tl		Writer must not abort on large values	REVIEW	engine	oversized_or_unaligned_requests_fail_locally_instead_of_reaching_the_wire	
B-01	service	DOC-SVC-01, TD-SVC-3, TD-SVC-4	rpc_result#f35c6d01 req_msg_id result:Object. req_msg_id identifies the client's query. DERIVED: match it against an outstanding request and do not deliver res…	OK	engine	an_answer_redelivered_with_an_evicted_msg_id_still_completes_its_query,rpc_result_for_unknown_or_zero_request_is_dropped_and_acked	
B-02	service	TD-SVC-5 (docs S04)	rpc_result for an unknown/already-answered msg_id is dropped. Dropped results > 16 KiB are summed; > **256 KiB** → error	DEVIATION	engine	cancelling_in_flight_requests_drops_answers_without_resetting_the_connection,dropped_answers_are_accounted	
B-03	service	TD-SVC-6	rpc_error sanitising: code == 0 or /code/ ≥ 10000 → 500; non-UTF-8 message → INVALID_UTF8_ERROR_MESSAGE; error with msg_id 0 → ignored; unknown msg_id → force_…	OK	engine	rpc_errors_are_sanitized_like_tdlib	
B-04	service	DOC-SVC-02	Update server_salt from RPC responses only when the response matches a query sent recently. If in doubt, do not update (replay risk).	OK	engine	incoming_salt_is_not_validated	
B-05	service	DOC-SVC-03, TD-SVC-10	bad_msg_notification and bad_server_salt: first check that the client really sent bad_msg_id recently. Only then update the time offset (from the notification'…	BETTER	engine	bad_msg_16_resyncs_time_and_resends,bad_server_salt_updates_salt_and_resends,notifications_about_messages_we_never_sent_are_ignored,replayed_old_salt_and_bad_msg_notifications_are_ignored	
B-06	service	DOC-SVC-04, TD-SVC-9	bad_msg error codes and handling: 16 msg_id too low and 17 msg_id too high → resync the time and resend; 18 → client msg_id is not divisible by 4; 19 → contain…	OK	engine	a_server_rejecting_every_send_cannot_hold_a_query_in_a_resend_loop,bad_msg_notifications_are_recovered_end_to_end,every_bad_msg_notification_code_recovers_the_message,repeated_bug_class_rejections_fail_the_query_instead_of_looping	
B-07	service	DOC-SVC-05, TD-SVC-15	get_future_salts num (1..64). The client must check that future_salts.req_msg_id equals the msg_id of the get_future_salts query. The response is not acknowled…	BETTER	engine	future_salts_must_answer_our_request	
B-08	service	DOC-SVC-06, TD-SVC-11, DOC-OTHER-12	new_session_created (first_msg_id, unique_id, server_salt) must be acknowledged. It signals a possible gap in updates, so the client runs gap recovery with upd…	DEVIATION	engine	duplicate_new_session_notifications_are_ignored,new_session_created_never_resends_queries_answered_in_the_same_packet,new_session_created_resends_older_queries_and_reports_reset,new_session_created_salt_is_adopted,updates_and_session_resets_are_delivered,updates_too_long_and_session_resets_emit_updates_reset	
B-09	service	DOC-SVC-07, DOC-SVC-08, TD-SVC-2	msg_container#73f1f8dc messages:vector<%Message>. At most **1024** messages. Every inner msg_id must be lower than the container's. No nested simple containers…	PARTIAL	engine	broken_container_structure_is_reported,container_children_with_even_msg_ids_are_skipped,malformed_and_unknown_children_do_not_break_the_container,missing_salt_requests_future_salts_first,nested_containers_and_gzip_are_unwrapped	
B-10	service	DOC-SVC-09	The container's seqno is ≥ the seqnos of its contents, because the container is generated after them.	MISSING	engine	only_odd_seqno_messages_are_acked	
B-11	service	DOC-SVC-10, TD-SVC-23	msgs_ack, msgs_state_req and msg_resend_req carry at most **8192** ids each. Group them into three separate messages. Exceeding the limits triggers transport e…	OK	engine	outgoing_containers_never_exceed_1024_messages,service_queues_are_bounded	
B-12	service	DOC-SVC-11, TD-SVC-22	Ack timing: piggy-back on the next query if it is sent within about 60–120 s. Otherwise, or when more than about 16 messages are unacked, send a stand-alone ms…	OK	engine	large_answers_are_acknowledged_within_a_second_small_ones_are_batched,many_acks_flush_immediately,only_odd_seqno_messages_are_acked	
B-13	service	DOC-SVC-12, TD-SVC-16	msgs_state_info.info has exactly one status byte per requested msg_id, so its length must equal the request's count. req_msg_id must match the msgs_state_req s…	OK	engine	state_info_with_mismatched_length_is_ignored,unanswered_state_request_is_retried	
B-14	service	TD-SVC-17	msgs_all_info: msg_ids.size() == info.size()	PARTIAL	engine	msgs_all_info_drives_resend_and_ack	
B-15	service	DOC-SVC-13, TD-SVC-20	msg_resend_req: if any requested id does not exist, has been forgotten, or has the requester's own parity, MsgsStateInfo is returned instead for all ids. The c…	OK	engine	a_failed_batched_answer_request_is_retried_one_by_one_before_any_call_fails,a_server_cannot_make_the_client_upload_a_query_forever,server_resend_answer_request_gets_state_info,server_resend_request_is_answered_with_the_original_message,server_resend_request_retransmits_the_original_message_in_a_container,server_state_requests_get_precise_statuses	
B-16	service	DOC-SVC-14, TD-SVC-18	msgs_all_info, msg_detailed_info and msg_new_detailed_info need no ack. status is currently always 0.	OK	engine	answer_resend_requests_resolve_or_fail_the_call_without_running_it_again,detailed_info_without_answer_resends_the_query,hostile_detailed_info_fan_out_stays_bounded,msg_detailed_info_requests_lost_answer,msg_new_detailed_info_for_received_message_is_only_acked,msg_new_detailed_info_requests_an_unseen_answer	
B-17	service	DOC-SVC-15	msg_copy: orig_message.msg_id must be lower than the container's msg_id. If the original was already received, do not process it, but ack both. Not used at pre…	PARTIAL	engine	msg_copy_is_unwrapped_and_deduplicated	
B-18	service	DOC-SVC-16, TD-SVC-13	gzip_packed#3072cfa1 packed_data:bytes. It appears as rpc_result.result and in updates, and the client must decompress it and keep processing the result. DERIV…	BETTER	engine	gzip_bombs_are_refused_without_unpacking_them,unpacking_is_bounded_per_packet_and_by_depth	
B-19	service	DOC-SVC-17	Outgoing gzip: compress only when the result is smaller, and not for media or messages of 255 bytes or less.	OK	engine	outgoing_gzip_only_for_compressible_requests_above_255_bytes_and_never_for_file_parts,large_requests_are_gzipped_but_file_parts_and_small_ones_are_not,a_large_request_whose_middle_does_not_compress_is_sent_as_it_is	Requests under 256 bytes, upload.saveFilePart/saveBigFilePart and incompressible bodies go as they are; bodies of 16 KiB and more are judged by a 1 KiB sample; others are gzipped only when the result is under 90% of the original; the initConnection header stays outside gzip_packed.
B-20	service	DOC-SVC-18, TD-SVC-14	ping/pong: a pong is sent only in reply to a ping, and neither needs an ack. ping_delay_disconnect makes the server close the connection after disconnect_delay…	OK	engine	pong_for_unknown_ping_is_ignored,responses_older_than_their_request_reset_the_clock,server_pings_are_answered,server_pings_are_answered_with_pongs	
B-21	service	DOC-SVC-19	destroy_session is for *other* sessions of the same auth_key_id. Applying it to the current session is undefined.	OK	engine	destroy_responses_are_handled	
B-22	service	TD-SVC-19	destroy_auth_key_ok/none/fail is accepted **only if** this connection requested key destruction	OK	engine	destroy_responses_are_handled,destroying_the_auth_key_on_logout_reaches_the_server	
B-23	pfs	DOC-SVC-20, TD-PFS-14, DOC-OTHER-10 (2nd half)	Call destroy_auth_key whenever a permanent key is no longer needed, e.g. after logout.	MISSING	host	destroying_the_auth_key_on_logout_reaches_the_server	
B-24	service	DOC-SVC-21	rpc_drop_answer replies are rpc_answer_unknown, rpc_answer_dropped_running or rpc_answer_dropped. They come wrapped in rpc_result and require acks. dropped_run…	PARTIAL	engine	drop_answer_replies_are_silent_and_acked	
B-25	service	DOC-SVC-22	http_wait may be used only over HTTP. Defaults: max_delay=0, wait_after=0, max_wait=25000 ms.	OK	engine	mtproto_service_constructors_are_never_forwarded_as_updates	
B-26	service	TD-SVC-1	Dispatch by constructor: msg_container → container; rpc_result → result; any constructor of mtproto_api → strict fetch **with fetch_end()** then a typed handle…	DEVIATION	engine	mtproto_service_constructors_are_never_forwarded_as_updates	
B-27	service	TD-SVC-12	msgs_ack: every id is matched against sent containers/queries; unknown ids are ignored; quick-ack promise fulfilled	OK	engine	msgs_ack_on_container_acknowledges_children_once	
B-28	service	TD-SVC-24	"Dead-query detector: after a connection has been up 60 s, a pong while queries are in ""unknown"" state, or a query unanswered for 60 s + (now − ping_time), → er…"	OK	engine	unknown_queries_stuck_for_a_minute_close_the_connection_after_processing	
B-29	service	TD-SVC-25	Unknown-state queries capped: unknown_queries_ > 1024 (MAX_INFLIGHT_QUERIES) → session failed; at most 1024 in flight	FIXED	engine	no_more_than_1024_queries_are_in_flight_at_once	Fixed 2026-10-07 (security-row pass). Before: Gap (ignored test): no cap on queries in flight, every pending query goes out (1000 per container); tdlib keeps at most 1024 (MAX_INFLIGHT_QUERIES).
B-30	service	TD-SVC-26	On reconnect, unacked queries are marked *unknown* and resolved with msgs_state_req instead of being blindly resent; invokeAfter dependents wait while any quer…	OK	engine	acknowledged_queries_survive_reconnect_without_state_request,dropped_connection_recovers_without_duplicate_execution,reconnect_after_retransmit_window_asks_state_and_resends_only_unreceived,reconnect_without_ack_retransmits_with_original_msg_ids,stale_not_received_info_does_not_duplicate_a_retransmitted_query	
B-31	service	TD-SVC-7, DOC-OTHER-06	401 handling: AUTH_KEY_PERM_EMPTY under PFS → drop **only** the temp key (500, retry); other 401s: a non-main session under PFS drops its temp key; a CDN or no…	FIXED	engine	main_session_401_family_requires_authorization,token_workers_refresh_the_token_on_any_401_but_park_only_revocations,plain_workers_and_cdn_never_log_out,auth_key_perm_empty_never_surfaces,cdn_auth_key_perm_empty_surfaces_after_one_retry,a_binding_lost_again_after_a_rebind_gets_a_new_key,auth_key_perm_empty_under_engine_pfs_never_touches_the_permanent_key,a_401_on_a_non_main_session_under_engine_pfs_replaces_its_temporary_key	Fixed 2026-10-07 (security-row pass). Before: Under engine PFS AUTH_KEY_PERM_EMPTY first rebinds the same temporary key, then replaces it; the permanent key is never touched. Main-session 401s ask the host to log out (not SESSION_PASSWORD_NEEDED); token workers re-import the token; CDN and plain workers never log out. Gap (ignored test): a 401 on a non-main PFS session keeps its temporary key (tdlib drops it).
B-32	service	TD-SVC-8	CONNECTION_NOT_INITED / CONNECTION_LAYER_INVALID (400) → re-attach the initConnection header, error → 500 (retry)	OK	engine	connection_not_inited_clears_hash_and_retries_wrapped,connection_initialization_errors_are_retried_a_bounded_number_of_times	Both errors re-attach initConnection at once (InitHashCleared to the host), at most 5 times, then the error surfaces (tdlib retries as a 500 without a count).
B-33	service	TD-SVC-21	Updates arriving on a **CDN** session are rejected	OK	engine	cdn_sessions_never_forward_updates,updates_from_a_cdn_are_dropped_in_every_wrapping,a_cdn_session_never_delivers_a_pushed_update	Dropped in every wrapping (bare, gzip, msg_copy, nested container, updatesTooLong, new_session_created) while answers in the same packet still complete; tdlib closes the connection instead.
B-34	pfs	DOC-PFS-01, TD-PFS-1	Create the permanent key with p_q_inner_data_dc and the temporary key with p_q_inner_data_temp_dc (expires_in). Save expires_at = time + expires_in. The two ma…	OK	engine	temporary_key_agreement	
B-35	pfs	DOC-PFS-02, TD-PFS-13	When PFS is used, the client must **never** use the permanent auth_key_id directly. Every message is encrypted with a temp key bound to the perm key.	OK	engine	a_temporary_key_is_made_and_bound_before_the_first_call	Engine PFS: the permanent key only encrypts the bind inner message.
B-36	pfs	DOC-PFS-03, TD-PFS-4	An unbound temp key may call only auth.bindTempAuthKey, help.getConfig and help.getNearestDc. Other methods fail with 401 AUTH_KEY_PERM_EMPTY.	OK	engine	auth_key_perm_empty_never_surfaces,temporary_key_rejection_does_not_drop_sibling_results	
B-37	pfs	DOC-PFS-04, DOC-PFS-05, TD-PFS-5	Binding message: bind_auth_key_inner#75a3f765 nonce:long temp_auth_key_id:long perm_auth_key_id:long temp_session_id:long expires_at:int. nonce is random. temp…	OK	engine	the_bind_goes_first_alone_and_carries_its_own_msg_id_and_session,a_bind_resent_under_a_new_msg_id_is_encrypted_again_for_it,a_temporary_key_is_made_and_bound_before_the_first_call	Verified on production DC2 over TCP and HTTP (bench client --mode real --pfs 1).
B-38	pfs	DOC-PFS-06, DOC-OTHER-07, TD-SVC-8	Send auth.bindTempAuthKey **using the temp key and temp_session_id**. After it succeeds, call initConnection again (rewrite client info) after each binding.	OK	engine	connection_initialization_errors_are_retried_a_bounded_number_of_times,connection_not_inited_clears_hash_and_retries_wrapped,init_connection_until_first_success_then_hash_stored,stored_hash_skips_initialization_and_change_reinitializes	
B-39	pfs	DOC-PFS-07, TD-PFS-6, DOC-PFS-12	ENCRYPTED_MESSAGE_INVALID from the bind, **if and only if the perm key is more than 60 s old**: drop both the temp and perm keys. If the dropped perm key was t…	DEVIATION	engine	a_refused_bind_keeps_queries_held_until_a_bind_succeeds,an_unknown_permanent_key_is_reported_and_calls_wait	Engine PFS makes a new temporary key after the first ENCRYPTED_MESSAGE_INVALID and reports PermanentKeyInvalid after two in a row; dropping the permanent key is left to the host.
B-40	pfs	DOC-PFS-08, TD-PFS-2, TD-PFS-3	When the temp key expires, generate a new one with p_q_inner_data_temp_dc and re-bind it to the same perm key. It may be pre-generated.	FIXED	engine	keys_rotate_before_they_expire_and_no_call_runs_twice,keys_rotate_over_http_and_calls_keep_flowing	Engine PFS (SessionSetup::pfs, Engine::enable_pfs); MTContext still does it for host keys.
B-41	pfs	DOC-PFS-09, TD-PFS-7, TD-PFS-8	A temp key may vanish at any time before expires_at because the server keeps it only in RAM. A non-existent auth_key_id produces transport error −404, and the …	FIXED	engine	a_forged_404_keeps_the_session_and_executes_once,unknown_key_reports_invalid_and_recovers_with_new_key,a_lost_temporary_key_is_replaced_without_bothering_the_host,a_forgotten_binding_is_restored	A vanished temp key is replaced after a confirmed -404; a single forged -404 changes nothing.
B-42	pfs	DOC-PFS-10, TD-PFS-10	For extra security, keep temp keys in RAM only and never persist them.	DEVIATION	engine	a_temporary_key_is_never_reused_by_a_later_session_or_engine_unless_the_host_offers_it	Temporary keys live only in memory and each new session or run makes a fresh one unless the host offers one; every key the engine makes goes to the host (AuthKeyCreated with expires_at, TemporaryKeyInUse), which persists it to share it (RustNetworkSession.swift handleTemporaryKeyInUse into MTContext's keychain, MtProtoKit parity). A key made only to check the permanent key is never handed over.
B-43	pfs	DOC-PFS-11 (and OTHER-04)	If tmp_sessions > 1, **all** sessions must use PFS, each with its **own** temp key bound to the same perm key. A new session needs a new temp key, not just a n…	DEVIATION	engine	each_pfs_session_makes_and_binds_its_own_temporary_key_to_the_shared_permanent_key	Each engine-PFS session makes and binds its own temporary key to the shared permanent key. The host may still give one stored key to several sessions (PfsSetup::temporary_key from RustNetworkSession.offerStoredTemporaryKey), as MtProtoKit does.
B-44	pfs	DOC-PFS-13, TD-PFS-9	auth.dropTempAuthKeys(except_auth_keys) deletes all temp keys except those listed.	MISSING	host		Host-side (TelegramCore/MtProtoKit), outside the engine; for the engine it would be a host request like any other. Assessed in the app's own audit.
B-45	pfs	TD-PFS-11	Temp-key salts are kept separately from perm-key salts (Session takes server_salts only together with a temp key)	OK	engine	salts_of_the_permanent_key_and_of_its_temporary_keys_are_kept_apart	Under a temporary key the session starts from that key's own salt and never sends the permanent key's; the permanent key, used again for destroy_auth_key, starts from its own.
B-46	pfs	TD-PFS-12	Losing the auth flag (set_auth_flag(false)) also drops the temp key	OK	engine	losing_the_authorization_drops_the_temporary_key_bound_to_it,clearing_the_key_under_pfs_stops_using_the_old_permanent_key,calls_after_a_permanent_key_change_do_not_run_under_the_old_binding	No auth flag in the engine: a 401 on the main session reports AuthorizationRequired and the host logs out with set_auth_key(None), which drops the bound temporary key at once; calls wait for the next permanent key and a new temporary key.
B-47	cdn	DOC-CDN-01	"CDN DCs are untrusted (""enemy territory""). Before generating an auth_key with a CDN DC, confirm that its RSA key matches one returned by help.getCdnConfig from…"	OK	engine	a_cdn_key_is_made_only_with_rsa_keys_the_host_got_from_the_master_dc,unknown_server_key_is_rejected	An engine-made CDN key uses only the host's KeyGeneration keys (the engine has none of its own). In the app the CDN key is made by MtProtoKit with keys from help.getCdnConfig (MTDatacenterAuthMessageService.m:546-570, Network.swift:962-990).
B-48	cdn	DOC-CDN-02, TD-CDN-10, TD-CDN-11, DOC-CDN-08	Verify the SHA-256 of every downloaded part against a FileHash(offset, limit, hash) from the **master DC** (via upload.fileCdnRedirect.file_hashes, upload.reup…	PARTIAL	host		Host: the engine never sees file data. FetchV2.swift:560-600 checks each CDN part's SHA-256 against master-DC hashes (redirect, reuploadCdnFile, getCdnFileHashes) before committing it; MultipartFetch.swift:455-470 on the legacy path.
B-49	cdn	DOC-CDN-03, TD-SVC-21	Client apps must **not accept updates** from CDN DCs, only from the main connection to the master DC.	OK	engine	cdn_sessions_never_forward_updates	
B-50	cdn	DOC-CDN-04	Clients must not allow CDN DCs to **substitute replies to queries sent to other DCs**. Pending requests must be strictly scoped per DC, connection and key.	OK	engine	a_cdn_cannot_answer_a_query_the_master_session_sent,a_cdn_answer_completes_only_the_cdn_sessions_own_request	Pending requests live in the session that sent them, under its key: another session refuses a CDN packet (auth_key_id, msg_key), and a CDN answer completes only the CDN session's own request.
B-51	cdn	DOC-CDN-05, TD-CDN-4	Do not send private user info (initConnection fields) to CDNs.	FIXED	engine	cdn_sessions_send_an_anonymous_init_connection,init_connection_until_first_success_then_hash_stored	CDN sessions send the anonymous initConnection header tdlib uses.
B-52	cdn	DOC-CDN-06	CDNs support only upload.getCdnFile, initConnection and invokeWithLayer. DERIVED: send nothing else to a CDN connection.	FIXED	engine	a_cdn_connection_carries_only_the_hosts_calls_in_the_anonymous_wrapper,a_cdn_session_never_binds_a_temporary_key_even_when_the_host_asks_for_pfs	Fixed 2026-10-07 (security-row pass). Before: A CDN connection carries only the host's calls, at most in the anonymous initConnection, plus MTProto service messages; the host sends only upload.getCdnFile. Gap (ignored test): a CDN session set up with PFS sends the CDN auth.bindTempAuthKey (the host never asks for it).
B-53	cdn	DOC-CDN-07, TD-CDN-12	A CDN auth_key may be deleted at any time, giving −404. Generate a new key and repeat the CDN-01 key check.	FIXED	engine	a_forged_404_keeps_the_session_and_executes_once,cdn_auth_key_perm_empty_surfaces_after_one_retry,unknown_key_reports_invalid_and_recovers_with_new_key	A CDN -404 follows the confirmation rule (a second rejection on a fresh connection reports the key invalid); a CDN AUTH_KEY_PERM_EMPTY is surfaced after one retry so the host can fall back.
B-54	cdn	TD-CDN-2, TD-CDN-3	upload.fileCdnRedirect: encryption_key.size()==32 and encryption_iv.size()==16; the same token → just restart the part; a new token → generation++, store hashe…	MISSING	host		Host-side: the engine never parses upload.fileCdnRedirect. Assessed in the app's own audit.
B-55	cdn	DOC-CDN-09	The CDN IP comes from help.getConfig (a dcOption with cdn set) for the dc_id in upload.fileCdnRedirect.	OK	engine	a_cdn_session_never_leaves_the_addresses_the_host_configured	The CDN address comes from the host (dcOption with cdn, ManagedConfigurationUpdates.swift:22-37); the engine adds no route of its own for a CDN session (no Telegram Web front).
B-56	cdn	DOC-CDN-10, TD-CDN-8	On upload.cdnFileReuploadNeeded(request_token), call upload.reuploadCdnFile on the DC that served the original upload.getFile (the file's main DC, not the user…	OK	engine		Host, not engine (no download logic in the engine): FetchV2.swift:771 and :1248 send upload.reuploadCdnFile to the source DC of the original getFile; MultipartFetch.swift:968 through masterDownload.
B-57	cdn	DOC-CDN-11, TD-CDN-9	FILE_TOKEN_INVALID (from the CDN or master) or REQUEST_TOKEN_INVALID means continue downloading from the master DC with upload.getFile. A CDN cannot block deli…	PARTIAL	host		Host-side: CDN fallback decisions are the host's. Assessed in the app's own audit.
B-58	cdn	DOC-CDN-12	Offset/limit rules for getFile/getCdnFile: offset and limit divisible by 4096; 1 MiB divisible by limit; the part must not cross a 1 MiB boundary: offset/2^20 …	OK	engine		Host: FetchV2.swift:1295-1303 (4 KiB alignment, 1 MiB division, parts up to 1 MiB) and MultipartFetch.swift:341-342 and 859-863 shape the requests; the engine sends host requests as given.
B-59	cdn	DOC-CDN-13	Non-CDN downloads: clients are *recommended* to verify each part with upload.getFileHashes, and must fetch any missing hash.	MISSING	host		Host-side: the engine never sees file data. Assessed in the app's own audit.
B-60	cdn	DOC-CDN-14	Media sessions: send large file queries through separate sessions and connections that run no other methods and never carry updates. If a DC has the media_only…	OK	engine	media_sessions_run_on_their_own_connections_and_ask_for_no_updates	Each session has its own connections and session id, and with disable_updates every call goes in invokeWithoutUpdates. Which session and DC get file queries is the host's (Network.swift:1178-1203, media_only addresses in ManagedConfigurationUpdates.swift).
B-61	cdn	TD-CDN-1	upload.getFile.cdn_supported is set only when not streaming (offset 0); web files never use the CDN	DEVIATION	host		Host-side: the host sets cdn_supported. Assessed in the app's own audit.
B-62	cdn	TD-CDN-5	Returned part size must be ≤ the requested (padded) size	MISSING	host		Host-side: the engine never sees file data. Assessed in the app's own audit.
B-63	cdn	TD-CDN-6	AES-256-CTR with IV = encryption_iv whose last 4 bytes are replaced by offset/16 big-endian; CHECK(offset % 16 == 0)	OK	engine		Host, not engine: FetchV2.swift:912-925 and MultipartFetch.swift:439-446 put offset/16 big-endian in the IV's last 4 bytes and decrypt with MTAesCtrDecrypt; offsets are 4 KiB aligned.
B-64	cdn	TD-CDN-7	A part fetched under an old file_token generation is discarded and refetched	OK	engine		Host, not engine: the CDN state machine is FetchV2's (CdnData) and has no tdlib-style file_token generation counter.
B-65	other	DOC-OTHER-01	All clients are required to comply with the Security Guidelines (AUTHKEY/CRYPTO/MSG above).	REVIEW	engine		Umbrella row: the Security Guidelines checks are the K-, C- and M- rows, each with its own tests.
B-66	other	DOC-OTHER-02	Always ignore updates received on unencrypted connections, before the handshake completes. When encrypted but not logged in, accept only updateLoginToken, upda…	OK	engine	foreign_session_and_tampering_are_rejected,messages_outside_time_window_are_ignored_after_sync,updates_are_delivered_once_and_unknown_constructors_do_not_break_containers	
B-67	other	DOC-OTHER-03	Keys are never copied between DCs, so run a separate handshake per DC. Move the login with auth.exportAuthorization (on the current DC) and auth.importAuthoriz…	OK	engine	token_gate_survives_key_replacement,worker_token_wait_parks_requests	
B-68	other	DOC-OTHER-05, TD-OTHER-1, TD-OTHER-2	303 FILE_/PHONE_/NETWORK_/USER_MIGRATE_X means repeat the request on DC X, through its own key (OTHER-03).	OK	engine	every_migrate_error_surfaces_verbatim,migrate_errors_surface_verbatim	
B-69	service	DOC-OTHER-06, TD-SVC-7	Handle 401 errors (AUTH_KEY_UNREGISTERED, AUTH_KEY_INVALID, SESSION_REVOKED, SESSION_EXPIRED, USER_DEACTIVATED, AUTH_KEY_PERM_EMPTY) as authorization-state cha…	OK	engine	auth_key_perm_empty_never_surfaces,plain_workers_and_cdn_never_log_out	
B-70	other	DOC-OTHER-07	Call initConnection (wrapped in invokeWithLayer) on the first API call after a restart, when any parameter changes, and after every auth.bindTempAuthKey.	FIXED	engine	init_connection_until_first_success_then_hash_stored,stored_hash_skips_initialization_and_change_reinitializes,a_stored_init_hash_from_an_earlier_run_does_not_skip_init_connection,init_connection_goes_with_the_first_call_under_every_new_temporary_key,init_connection_goes_with_the_first_call_after_a_rebind_of_the_same_temporary_key	Fixed 2026-10-07 (security-row pass). Before: A stored hash counts only for keys initialized in this process, so the first call after a restart is initialized; a parameter change and every new temporary key re-initialize. Gap (ignored test): a rebind of the same temporary key after AUTH_KEY_PERM_EMPTY does not.
B-71	other	DOC-OTHER-08	invokeAfterMsg/invokeAfterMsgs must be the outermost wrapper.	OK	engine	dependencies_wrap_invoke_after_msg	
B-72	other	DOC-OTHER-09, TD-OTHER-5	Server-supplied random bytes (e.g. messages.getDhConfig.random) must be **combined** with client randomness and never used raw. This applies to any DH secret t…	REVIEW	engine		Not applicable: the engine's only DH secret is the handshake's b from the OS CSPRNG (K-10), and it takes no server randomness. TelegramCore asks getDhConfig with random_length 0 (SecretChatEncryptionConfig.swift:9) and draws a/b with SecRandomCopyBytes.
B-73	other	DOC-OTHER-10	Logout: store any future_auth_token returned by auth.logOut or auth.authorization, then destroy the perm key (SVC-20).	PARTIAL	host		Host-side: logout and future_auth_token handling are the host's; the engine supports destroy_auth_key. Assessed in the app's own audit.
B-74	other	DOC-OTHER-11	Reserved test DCs are 1–3, with numbers 99966XYYYY. Never mix test and production keys. A test DC ID is passed as dc + 10000, and a mismatch gives −444.	OK	engine	a_test_environment_key_carries_the_test_offset,a_test_datacenter_key_is_made_for_the_id_its_obfuscation_header_carries,a_datacenter_mismatch_rejection_never_drops_or_replaces_the_key	p_q_inner_data_dc equals the obfuscation header's dc id, test offset included, and a -444 never drops or remakes a key. The host adds the +10000 (RustEngineMapping.swift:288) and keeps test and production keys apart (MTContext isTestingEnvironment, Network.swift:531).
B-75	other	DOC-OTHER-12	Handle session loss: on new_session_created, a gap, or no updates for 15 min or more, run updates.getDifference.	OK	engine	lost_updates_ask_the_host_for_a_difference	
B-76	other	TD-OTHER-3	FLOOD_WAIT/SLOWMODE/…: wait clamped to [1, 14 days]; a cumulative per-query total_timeout_limit → surfaced as 429; backoff 1→64 s for 5xx and negative codes; -…	OK	engine	delegated_server_error_retries_back_off,flood_wait_delays_are_bounded	
B-77	other	TD-OTHER-4, 6, 7	Main DC id loaded from the DB is validated (DcId::is_valid)	REVIEW	engine		Not the engine's: the engine loads nothing from a database; the host passes the DC id. Assessed in the app's own audit.
B-78	other	TD-OTHER-8	E2E (secret chat) packets share read_crypto_impl (same msg_key and length checks) with X = 8 if is_creator && v2 else 0	REVIEW	engine		Not applicable: no secret chats in the engine. TelegramCore SecretChatEncryption.swift:185-238 checks MTProto 2.0 E2E packets with x by role, padding 12..1024 and a constant-time msg_key compare.
K-01	handshake	DOC-AUTHKEY-01, TD-AUTHKEY-5	req_pq_multi with a 128-bit CSPRNG nonce; resPQ.nonce must match	OK	engine	permanent_key_agreement,tampering_is_rejected	
K-02	handshake	DOC-AUTHKEY-02, DOC-AUTHKEY-03, TD-AUTHKEY-18, TD-AUTHKEY-23	nonce and server_nonce checked in every later message, including the encrypted parts	OK	engine	nonce_checks_cover_every_message	
K-03	handshake	DOC-AUTHKEY-04, TD-AUTHKEY-12	pq is 1..8 bytes, ≥ 4 and composite; factorisation has a fixed work budget	BETTER	engine	hostile_pq_values_fail_fast_without_hanging,primes_and_hostile_values_are_rejected_quickly,small_and_degenerate_inputs	Hostile pq values fail in bounded time; no division by zero or unbounded loop.
K-04	handshake	DOC-AUTHKEY-05, TD-AUTHKEY-7, TD-AUTHKEY-9, TD-AUTHKEY-10	Only pinned RSA keys; fingerprint = low 64 bits of SHA1(n, e); an unknown fingerprint is never accepted	OK	engine	unknown_server_key_is_rejected,production_key_parses_with_expected_fingerprint,spki_and_pkcs1_agree,rejects_garbage	
K-05	handshake	DOC-AUTHKEY-07, TD-AUTHKEY-14	p_q_inner_data_dc for permanent keys, p_q_inner_data_temp_dc with expires_in for temporary keys	OK	engine	temporary_key_agreement,pq_inner_data_variants	
K-06	handshake	DOC-AUTHKEY-08, DOC-AUTHKEY-09, DOC-AUTHKEY-10, TD-AUTHKEY-15	RSA_PAD: data ≤ 144 bytes, reversed padding, temp_key AES-IGE, retry while ≥ modulus	OK	engine	rsa_pad_roundtrips_through_private_key,rsa_pad_payload_limits	
K-07	handshake	DOC-AUTHKEY-11, DOC-AUTHKEY-12, TD-AUTHKEY-19, TD-AUTHKEY-21, TD-AUTHKEY-22	encrypted_answer is a non-empty multiple of 16; SHA1 over the parsed inner data; padding < 16	OK	engine	encrypted_answer_shape_is_validated,tampering_is_rejected	
K-08	handshake	DOC-AUTHKEY-14, DOC-AUTHKEY-15, TD-AUTHKEY-25, TD-AUTHKEY-26, TD-AUTHKEY-28	dh_prime is a 2048-bit safe prime; g ∈ 2..7 with the documented residue conditions	OK	engine	known_prime_is_actually_a_safe_prime,generator_conditions_follow_documentation,rejects_wrong_prime_shapes,unknown_composite_is_rejected_and_cached,non_safe_or_short_primes_are_rejected	
K-09	handshake	DOC-AUTHKEY-17, DOC-AUTHKEY-18, TD-AUTHKEY-30	1 < g_a, g_b < p − 1 and both within [2^1984, p − 2^1984]	OK	engine	g_a_range_checks	
K-10	handshake	DOC-AUTHKEY-19, TD-AUTHKEY-31	b is 2048 bits from the OS CSPRNG	OK	engine	os_random_produces_distinct_values,os_random_pool_never_repeats_or_keeps_handed_out_bytes	
K-11	handshake	DOC-AUTHKEY-21, TD-AUTHKEY-32	auth_key is exactly 256 big-endian bytes (left-padded); auth_key_id = SHA1[12..20]	OK	engine	fixed_be_padding,auth_key_id_is_low_64_bits_of_sha1	
K-12	handshake	DOC-AUTHKEY-22, TD-AUTHKEY-35, TD-AUTHKEY-36	new_nonce_hash1/2/3 verified in constant time for dh_gen_ok, retry and fail before acting	BETTER	engine	dh_gen_hash_mismatch_is_rejected,server_dh_params_fail_with_bad_hash_is_reported_as_hash_mismatch	tdlib acts on dh_gen_retry/fail without checking the hash.
K-13	handshake	DOC-AUTHKEY-23	dh_gen_retry: new b, retry_id = aux_hash, bounded attempts	OK	engine	dh_gen_retry_is_followed,too_many_retries_fail	
K-14	handshake	DOC-AUTHKEY-13, TD-AUTHKEY-38	A transport error during the handshake restarts it without touching existing keys	OK	engine	handshake_transport_error_restarts_key_generation_without_key_invalid	
K-15	handshake	TD-AUTHKEY-1, TD-AUTHKEY-41	Strict state machine; any unexpected constructor or garbage ends the run without a panic	OK	engine	unexpected_constructor_in_state_fails,handshake_never_panics_on_garbage,trailing_bytes_after_handshake_answers_are_tolerated_like_tdlib	
K-16	handshake	DOC-AUTHKEY-24	Forget b, new_nonce and tmp_aes data after dh_gen_ok	FIXED	engine	a_finished_handshake_acts_on_nothing_more,after_dh_gen_ok_no_new_nonce_or_tmp_aes_is_left_in_freed_memory,after_dh_gen_ok_no_dh_exponent_or_shared_key_number_is_left_in_freed_memory	Fixed 2026-10-07 (security-row pass). Before: Byte buffers are zeroized, also on errors; new_nonce is zeroized best effort (moves between states copy it); the BigUint exponent is only dropped. A scanning allocator finds new_nonce (stale bytes the state moves leave behind), the key (to_fixed_be's Vec), b and g_a^b (num-bigint and its modpow intermediates) in freed memory (ignored tests); tmp_aes data stays on the stack and is wiped.
K-17	handshake	TD-AUTHKEY-37	Initial salt = new_nonce[0..8] ⊕ server_nonce[0..8]	OK	engine	permanent_key_agreement	
K-18	handshake	TD-AUTHKEY-2	A stalled handshake has a deadline and is retried on another connection	OK	engine	stalled_handshake_is_raced_away_and_the_key_is_created	
K-19	handshake	DOC-AUTHKEY-26, TD-AUTHKEY-3	Plain envelope: auth_key_id = 0, bounded length, never panics	PARTIAL	engine	plain_message_roundtrip,decrypt_never_panics	The server msg_id of plain messages is not checked (tdlib checks parity).
H-01	hardening	TD-TRANSPORT-1 (hardening)	A partial frame that averages under 512 B/s after a 15 s grace is abandoned; slow links above that are never cut	FIXED	engine	trickling_or_noisy_connections_are_abandoned_and_requests_complete,slow_link_trickling_bytes_never_times_out,chained_frames_without_answers_do_not_keep_a_dead_connection	With the 4 MiB cap a fake frame trickled at the floor holds a session at most about 2.3 h. 2026-10-06: the grace is given once per fresh packet, matched quick ack or handshake step, so empty frames cannot hold a dead connection.
H-02	hardening	DOC-CRYPTO-11 (hardening)	Debug output never prints proxy secrets or session verification tokens	FIXED	engine	debug_output_redacts_proxy_secrets_and_verification_tokens	
H-03	hardening	DOC-CRYPTO-11 (hardening)	Obfuscation keys, proxy secrets (ProxySecret, DcAddress, ProxyConfig, SOCKS5 password) and secret FFI payloads dropped after shutdown are zeroized	FIXED	engine	the_freed_memory_scanner_finds_secrets_freed_without_wiping,proxy_secrets_leave_no_copy_in_freed_memory,obfuscation_keys_and_keystreams_leave_no_copy_in_freed_memory,a_transport_stream_leaves_no_proxy_secret_or_obfuscation_key_in_freed_memory,engine_secret_types_are_wiped_when_dropped,a_session_with_an_address_secret_leaves_no_secret_in_freed_memory,a_created_key_leaves_no_copy_in_freed_memory_when_the_engine_shuts_down,a_created_key_is_wiped_when_the_host_frees_it_and_after_engine_destroy,a_fake_tls_stream_leaves_no_proxy_key_in_freed_memory,a_standard_base64_proxy_secret_leaves_no_partial_decoding_in_freed_memory,socks5_credentials_leave_no_copy_in_freed_memory,http_proxy_credentials_leave_no_copy_in_freed_memory,a_session_through_an_authenticating_socks5_proxy_leaves_no_password_in_freed_memory,a_session_through_a_fake_tls_mtproxy_leaves_no_proxy_key_in_freed_memory	Checked with a scanning allocator on the test and engine threads. The named types wipe themselves, but copies do not (ignored tests): Socks5Auth and the SOCKS5 request in the write buffer, the fake-TLS key in TlsState, HTTP Basic credentials, and a partly decoded standard-base64 secret. Engine copies (Socks5Auth, write buffer, fake-TLS state, HTTP proxy auth, base64 fallback, HTTP transport proxy credentials) wiped since 2026-10-07.
H-05	hardening	engine (hardening)	RSA public keys from PEM/DER never panic; only 2048-bit moduli with an odd exponent of at least 3 are accepted	FIXED	engine	rejects_garbage,spki_and_pkcs1_agree,production_key_parses_with_expected_fingerprint,public_exponent_must_be_odd_and_at_least_three	Also fuzzed by the rsa target. The exponent check is new.
H-04	hardening	engine (hardening)	No attacker-reachable panic in packet, handshake or transport parsing	OK	engine	decrypt_never_panics,handshake_never_panics_on_garbage,hostile_server_faults_never_break_exactly_once_delivery	
T-24	transport	DOC-TRANSPORT-17 (errors)	HTTP: transport errors arrive as HTTP status codes and the body is ignored	FIXED	engine	status_codes_are_transport_errors_and_their_bodies_are_dropped,http_404_follows_the_key_rejection_rule,transport_flood_status_backs_off_and_retransmits	Error bodies are discarded up to 64 KiB.
T-25	transport	—	HTTP: a 404 or a 2xx page from a captive portal or proxy must not count as a lost auth key or a delivered answer, and the route check itself must neither stall nor storm	FIXED	engine	a_captive_portal_404_never_counts_as_a_lost_key,a_route_check_answered_with_an_empty_200_does_not_hold_traffic_forever,a_route_check_answered_with_a_foreign_plain_packet_backs_off,a_captive_portal_404_during_the_handshake_backs_off,the_worker_sleeps_while_the_route_check_is_answered,a_captive_portal_answering_200_is_not_hammered,auto_on_http_behind_a_portal_that_starts_answering_200	A 404 counts only right after a plain req_pq on the route came back with the server's res_pq; any other answer to the check backs off like a refused route, and so does an error status on a handshake request. A 2xx answer that is not a packet under the session's key (a portal page, an empty body) is never taken for a delivered response: the request counts as lost and the route is checked, backing off.
T-26	transport	—	HTTP responses from a hostile server or middlebox are bounded (head, headers, body, chunks, time) and never confuse framing (Content-Length vs Transfer-Encoding)	FIXED	engine	hostile_responses_are_bounded,chunked_bodies_with_extensions_and_trailers,bodies_without_length_run_until_close,a_response_head_that_never_ends_is_given_up_on,a_pipelined_request_behind_a_refused_one_is_not_forgotten,trailers_and_proxy_heads_are_bounded,an_oversized_upgrade_head_is_refused_even_when_it_arrives_whole	Fuzz target `http` (300 000 cases). A head (or endless 1xx) trickled byte by byte is cut a response timeout + 15 s after its first byte.
B-79	pfs	DOC-PFS-03	Under engine PFS nothing but the bind goes out under an unbound temporary key, even when a salt failure or a reconnect re-queues the bind behind other queries	FIXED	engine	a_rebind_goes_out_past_an_older_query_waiting_to_be_retransmitted,a_new_bind_goes_out_while_an_older_query_waits_to_be_retransmitted,over_http_a_held_retransmission_neither_blocks_the_bind_nor_floods_requests	
B-80	pfs	—	Replacing a temporary key never runs a query twice: requests the server may already have are not moved to the new session	FIXED	engine	a_query_still_unanswered_when_the_key_must_go_fails_instead_of_running_twice,enabling_pfs_on_a_busy_session_waits_for_its_calls,a_rotation_with_answers_in_flight_over_tcp_does_not_break_the_new_handshake,transmitted_requests_and_the_chains_hanging_off_them_are_found,a_rotation_does_not_resend_a_request_waiting_for_a_retry_decision,a_call_waiting_for_the_auth_token_resumes_when_the_token_arrives_during_a_key_change,a_host_failed_call_is_reported_when_the_key_rotates_in_the_same_turn,invalid_size_requests_sent_before_the_key_exists_fail_like_after,paused_http_session_with_an_undelivered_event_does_not_spin,paused_http_pfs_session_changing_its_permanent_key_does_not_spin	They fail to the host as 500 TEMP_KEY_ROTATED when the key has to go while they are unanswered, and so do requests chained after them with invoke_after. The new key starts on fresh connections (as tdlib closes its connections), so the old session's late packets never meet the new handshake. Requests carry what the client knew about them (open retry questions, FLOOD_WAIT, verifications) into the new session. Events the old client still held for the host are delivered; requests queued between clients get the same size check as at send. The same holds when the host clears or replaces the key under PFS. A key the server loses (-404, e.g. a restart dropping temporary keys) is not a replacement the engine chose: calls in flight then go again under the new key, as without PFS and in tdlib; the API's random_id makes the non-idempotent ones safe. Accepted exception (2026-10-06, audit B-3): forged -404 frames under engine PFS move in-flight requests to the new temporary key session; the host would resubmit them after a rotation anyway (MtProtoKit and tdlib behave the same).
B-81	pfs	—	destroy_auth_key must destroy the permanent key, not a temporary key bound to it	FIXED	engine	destroy_auth_key_under_pfs_destroys_the_permanent_key,calls_around_destroy_auth_key_under_pfs_do_not_run_under_the_permanent_key,destroy_auth_key_on_an_idle_worker_session_reaches_the_server,a_destroy_auth_key_lost_with_its_connection_is_sent_again,a_destroy_auth_key_lost_with_its_http_request_is_sent_again,a_new_key_after_destroy_auth_key_is_not_destroyed_too,calls_sent_during_destroy_auth_key_wait_for_it,enable_pfs_during_destroy_auth_key_finishes_the_destroy_first,explorer_minimal_pfs_after_destroy_runs_each_call_once,enable_pfs_during_destroy_runs_the_call_in_flight_once,enable_pfs_during_answered_destroy_runs_the_call_in_flight_once,a_pfs_session_destroy_fails_the_call_in_flight	As tdlib's destroying session (Session.cpp: need_destroy_auth_key turns PFS off and sends no queries): destroy_auth_key goes under the permanent key on fresh connections while every request waits; once answered, the requests go under a new permanent key and temporary key. A pending destroy keeps an idle session connected. A destroy lost with its connection or HTTP request goes again until answered (tdlib sends it on every new connection); it belongs to the key it was asked for and never goes under a replacement. Without PFS too, no call goes while destroy_auth_key is unanswered (tdlib: need_send_query is false while destroying); enable_pfs during a destroy finishes the destroy before any key is made.
B-82	pfs	—	A server refusing every bind must not make the engine run key handshakes back to back	FIXED	engine	binds_refused_with_a_key_error_do_not_storm_handshakes,the_worker_sleeps_between_bind_retries,a_cancelled_call_during_a_slow_bind_does_not_spin_the_worker,the_auth_key_is_created_over_http_without_keep_alive,explorer_minimal_refused_binds_do_not_churn_connections	A refused key is replaced at once the first time, then after 1 s doubling to 60 s until a key is bound. A pending bind keeps the link, without waking the worker. Over HTTP each handshake step may take another connection, as on a route without keep-alive. The backoff holds across permanent keys the host hands over until a key is bound, so a host answering every PermanentKeyInvalid with a new key does not churn connections.
B-83	pfs	—	After the host hands over another permanent key no call runs under a temporary key bound to the old one	FIXED	engine	calls_after_a_permanent_key_change_do_not_run_under_the_old_binding	The temporary key goes at once; calls in flight fail as TEMP_KEY_ROTATED.
T-27	transport	—	HTTP: a datacenter address or proxy given by host name is resolved and cached like the TCP transport's	FIXED	engine	http_through_a_proxy_given_by_host_name,http_to_a_datacenter_address_given_by_host_name,auto_probe_through_a_named_proxy_neither_spins_nor_stalls,a_name_that_does_not_resolve_is_looked_up_with_backoff,a_dead_first_address_of_a_name_is_not_tried_forever,calls_after_the_first_do_not_wait_on_the_dead_first_address,a_failed_lookup_for_a_name_no_longer_used_does_not_hold_back_the_new_route,http_reaches_the_second_address_of_a_name_after_both_failed,http_moves_past_a_name_address_that_fails_at_connect,explorer_minimal_stuck_name_cursor,a_slow_lookup_does_not_wake_http_four_times_a_second	Lookups go through a per-session cache (host:port, TTL 299 s); a TCP retry waits only for its own lookup. A name that does not resolve is looked up again with the TCP transport's backoff (a short negative cache); consecutive failures rotate through a name's addresses. Each name keeps the address that works: the HTTP transport moves past an address only when that address failed, so later connections never go back to a dead one; only lookups for hosts it connects to count against it. Each name remembers which of its addresses failed (a connect error, or no answer with requests cut); the next connection takes the first one that has not, or the one that failed longest ago; an answer clears it. A finished lookup wakes HTTP and the Auto probe instead of polling.
T-28	transport	—	HTTP connection attempts back off like the TCP transport's: cut connections, the offline probe interval, proxy refusals, and a fresh start on network or proxy changes	FIXED	engine	http_requests_cut_by_a_middlebox_back_off,offline_http_attempts,fixed_proxy_credentials_take_effect_at_once_over_http,http_through_a_proxy_refusing_credentials_reports_proxy_issues,offline_probe_cut_by_a_middlebox_does_not_spin,an_idle_http_worker_does_not_spin_after_its_salt_changes,an_idle_http_session_without_connections_does_not_ask_to_be_driven_at_once,an_unreachable_proxy_is_reported_over_http_as_over_tcp,proxy_issues_are_reported_after_a_proxy_change_over_http,a_handshake_failing_every_time_backs_off_over_http_as_over_tcp,a_handshake_failing_at_its_second_step_backs_off_over_http_as_over_tcp,a_handshake_left_between_steps_by_an_offline_probe_does_not_spin,a_drained_session_reset_over_http_neither_spins_nor_waits_for_a_long_poll,an_offline_probe_that_starts_a_handshake_does_not_spin_the_worker,an_offline_http_session_without_an_http_route_does_not_spin,an_idle_worker_making_a_key_does_not_spin,explorer_quick,explorer_minimal_no_http_probe_while_tcp_answers	The open backoff resets only once the server answered; connections cut with requests in flight back off like flapping stream connections (0.5 s doubling to 16 s). A session that wants no link closes HTTP even with no connection left, so it never waits on a link it does not have; failed key creations back off as over TCP; unreachable proxies and refusals after a proxy change are reported. A handshake held between steps is dropped when the session wants no link; a session reset that waits for old answers (bad_msg 17) goes out as soon as it is due. Seeded session explorer (session_explorer_tests.rs) checks no spin, no stall, no duplicate, no panic over random host commands and faults. Auto opens no HTTP probe while the current TCP connection answers, whatever failed before it.
T-29	transport	—	HTTP: a session reset after bad_msg_notification 17 must not run calls twice: it waits for every answer the old session may still get, and keeps receiving them	FIXED	engine	a_drain_reset_does_not_run_a_lost_packets_queries_twice,a_drain_over_http_keeps_receiving_answers,a_drain_over_http_with_long_polls_on_dead_connections_runs_each_call_once	While the reset drains, long polls stay parked under the old session, and queries whose request was lost but may have reached the server are waited for like sent ones. Requests go first to connections that answered, and long polls on connections that never answered do not count toward the parked ones once one has, so old answers have a way back.
T-30	transport	—	TCP: a datacenter address or proxy given by host name keeps trying the address that answered after a drop instead of going back to a dead first address, and a racer never races the primary's own address	FIXED	engine	a_name_does_not_go_back_to_its_dead_first_address_after_the_second_answered	Before: the cached addresses were read from the failure count, which an answer clears, so every attempt after a drop went to the first address again (27 connections to a black hole, 148 s for the next call). The answering address now leads the cached list and a new lookup of the name; a racer for a name with one address entry takes the name's next resolved address.
M-31	messages	—	An answer held up longer than the 300 s time window (an outage) still completes the query it answers, instead of leaving it waiting for ever	FIXED	engine	an_answer_held_past_the_time_window_still_completes_its_call,an_old_answer_does_not_bring_the_old_clock_with_it,an_old_answer_does_not_bring_an_old_new_session_notice_with_it,an_old_answer_below_the_received_floor_still_completes_its_call,a_large_gzip_packed_old_answer_still_completes_its_call,an_old_answer_to_a_query_sent_with_the_clock_ahead_does_not_bring_the_old_clock_with_it,an_old_answer_resent_in_a_fresh_container_does_not_bring_the_old_clock_with_it	A packet outside the time window is taken when it carries the rpc_result of a query the session still waits for (only the server's own answer can match); its time does not reset the server clock, nor does the old answer's own msg_id, even inside a fresh container or with the clock running ahead when the query went out, and a pong in it is no round-trip sample. Other old packets are still ignored. Such a packet is taken as a replay: only results, pongs, state info, salts and updates act, so nothing else in it (a bad_msg_notification, new_session_created) can move the clock or the session; it is taken even below the received-message floor. Each pass over such a packet (freshness proof, awaited answer, processing) has its own unpack budget; only the server's own packets get that far.
T-31	transport	—	Transport frames, quick acks and empty frames are unauthenticated: they are hints, never proof (an on-path box can forge -404/-429/-444)	REVIEW	engine + host	an_on_path_observer_can_forge_transport_errors_on_obfuscated2,without_the_proxy_secret_forged_frames_do_not_decode_as_the_forger_meant	
T-32	transport	—	The fake-TLS ServerHello is bound to this ClientHello (HMAC over client_random)	OK	engine	fake_tls_server_hello_is_bound_to_this_connection	
H-06	hardening	—	Only fresh packets prove a connection answered (address success, racer, rejection counters)	FIXED	engine	replayed_server_packets_never_make_a_fake_datacenter_look_answered	
H-07	hardening	—	Replays of packets evicted from the duplicate window never drive liveness, stuck detection or dropped-answer accounting	FIXED	engine	a_replayed_pong_does_not_refresh_ping_liveness,a_replayed_pong_cannot_declare_unknown_queries_stuck,a_fresh_pong_still_declares_unknown_queries_stuck,replaying_an_evicted_large_answer_does_not_count_as_dropped_answers	
H-08	hardening	—	One difference fetch per new update loss: a replayed evicted update packet cannot storm UpdatesLost	FIXED	engine	replaying_one_evicted_update_packet_cannot_storm_updates_lost,a_loss_newer_than_the_last_fetch_is_still_reported,a_local_session_reset_forgets_the_covered_floor	
M-32	service	—	A rejected container re-asks for future salts at once instead of holding every query for 60 s	FIXED	engine	a_rejected_container_does_not_hold_the_salt_request_for_a_minute	
H-09	hardening	—	Non-finite time inputs from the host are ignored	FIXED	engine	non_finite_time_differences_from_the_host_do_not_stall_the_session	
H-10	hardening	—	Host wrapper inputs TL cannot carry (≥16 MiB strings, unaligned init params) fail the request locally instead of aborting	FIXED	engine	an_environment_string_tl_cannot_carry_fails_the_request,init_params_that_would_overflow_a_frame_fail_the_request,init_params_that_are_not_whole_words_fail_the_request,a_verification_token_tl_cannot_carry_fails_the_request,ordinary_wrappers_still_go_out,every_target_survives_a_short_run	
H-11	hardening	—	Host request ids in the reserved bind id range are refused; the bind still works	FIXED	engine	host_requests_in_the_bind_id_range_are_refused_and_the_bind_still_works	
H-12	ffi	—	C ABI robustness: null/dangling inputs, unknown handles, re-entrant callbacks, no events after destroy, many threads, destroy from a callback	OK	engine	null_and_dangling_inputs_on_every_entry_point_are_ignored,hostile_session_setups_and_unknown_handles_leave_the_engine_usable,completion_callbacks_may_call_back_into_the_engine,no_event_reaches_the_host_once_engine_destroy_returned,many_threads_share_one_engine,the_engine_may_be_destroyed_from_inside_its_own_callback	
H-13	privacy	—	Logs carry no keys, salts, secrets or message bodies; created keys are never printed by Debug	OK	engine	logs_never_carry_keys_salts_secrets_or_bodies,a_created_key_is_never_printed_by_debug	
H-14	hardening	—	Injected or forged transport frames never touch the key, clock or salts; forged errors during key creation back off; forged quick acks are cheap	OK	engine	forged_transport_errors_during_key_creation_back_off,a_flood_of_forged_quick_acks_is_cheap_and_harmless,injected_frames_never_touch_the_key_clock_or_salts,forged_404_frames_under_engine_pfs_never_report_the_permanent_key	
H-15	hardening	—	Route memory from storage is bounded and never panics	OK	engine	route_memory_from_storage_is_bounded_and_never_panics	
K-20	keys	DOC-AUTH	Handshake answers recorded from an earlier exchange are refused at every step; a reflected client packet is refused; a forged plain packet changes nothing in an established session	OK	engine	answers_recorded_from_an_earlier_exchange_are_refused_at_every_step,the_client_packet_reflected_back_is_refused,a_forged_plain_packet_is_refused_by_an_established_session	
B-84	cdn	—	A CDN session never reports its clock to the host	FIXED	engine	a_cdn_session_never_reports_its_clock_to_the_host	
B-85	cdn	—	A CDN cannot start an APNs/reCAPTCHA verification: such requests fail the call	FIXED	engine	verification_requests_from_a_cdn_fail_the_call	
